{"test_player": 0, "test_states": [[-1, -1, -1, -1, -1, -1, -1, -1, -1, -1, -1, -1, -1, -1, -1, -1], [0, -1, 1, -1, -1, -1, -1, -1, -1, 0, -1, 1, -1, -1, -1, -1], [-1, -1, -1, 1, -1, 0, 1, -1, 0, 0, 0, -1, -1, 1, 1, -1], [0, 1, -1, 0, 0, 0, 1, 1, 1, 1, 0, 0, -1, -1, -1, 1], [-1, -1, -1, -1, -1, 1, 0, -1, 0, 0, 1, -1, -1, -1, -1, 1], [0, 0, 1, 0, 0, 1, 0, -1, 1, 0, 1, -1, 1, 1, 0, 1], [0, 0, 0, 0, -1, 1, 1, 1, -1, -1, -1, -1, -1, -1, -1, -1], [0, -1, -1, 1, -1, 1, 0, -1, -1, 1, 0, -1, 0, -1, -1, 1], [1, 0, 1, 0, 0, 1, 0, 1, -1, -1, -1, -1, -1, -1, -1, -1], [-1, -1, -1, -1, -1, 1, -1, -1, 1, 0, -1, -1, 0, -1, -1, -1]], "test_results": {"player1": {"each": [[15, 0.0010013580322265625], [7, 0.0], [15, 0.0], [12, 0.0], [13, 0.0], [11, 0.0], [15, 0.0], [1, 0.0], [10, 0.0], [11, 0.0]], "total": 0.0010013580322265625}, "player2": {"each": [[0, 0.0], [1, 0.0], [0, 0.0], [2, 0.0], [0, 0.0], [7, 0.0], [4, 0.0], [1, 0.0], [8, 0.0], [0, 0.0]], "total": 0.0}}}