{"test_player": 0, "test_states": [[-1, -1, -1, -1, -1, -1, -1, -1, -1, -1, -1, -1, -1, -1, -1, -1], [-1, -1, 1, -1, -1, 0, -1, -1, -1, 0, -1, 1, -1, -1, -1, -1], [-1, -1, -1, 1, -1, 0, 1, -1, 0, 0, 0, -1, -1, 1, 1, -1], [0, 1, -1, 0, 0, 0, 1, 1, 1, 1, 0, 0, -1, -1, -1, 1], [-1, -1, -1, -1, -1, 1, 0, -1, 0, 0, 1, -1, -1, -1, -1, 1], [0, 0, 1, 0, 0, 1, 0, -1, 1, 0, 1, -1, 1, 1, 1, 0], [0, 0, 0, -1, -1, 1, 1, 1, -1, -1, -1, -1, -1, -1, -1, -1], [0, -1, -1, 1, -1, 1, 0, -1, -1, 1, 0, -1, 0, -1, -1, 1], [1, 0, 1, 0, 0, 1, 0, 1, -1, -1, -1, -1, -1, -1, -1, -1], [-1, -1, -1, -1, -1, 1, 0, -1, 1, 0, -1, -1, -1, -1, -1, -1]], "test_results": {"accountsupervisor": {"each": [[10, 0.0002837181091308594], [15, 0.00016427040100097656], [11, 0.0001125335693359375], [2, 0.00012755393981933594], [0, 0.00015425682067871094], [11, 0.00018644332885742188], [3, 0.0001323223114013672], [8, 9.799003601074219e-05], [9, 0.00010228157043457031], [12, 0.000110626220703125]], "total": 0.0014719963073730469}, "alphaebox": {"each": [[11, 9.274482727050781e-05], [0, 0.06159210205078125], [0, 0.012064218521118164], [12, 0.0018465518951416016], [0, 0.027895689010620117], [7, 0.00012803077697753906], [3, 0.013616561889648438], [1, 0.006502866744995117], [8, 0.006000041961669922], [0, 0.023662805557250977]], "total": 0.15340161323547363}, "ambulance": {"each": [[0, 0.14722943305969238], [3, 0.08106732368469238], [11, 1.6927719116210938e-05], [12, 0.0012705326080322266], [0, 2.1457672119140625e-05], [7, 0.0002040863037109375], [3, 5.9604644775390625e-06], [2, 0.013366222381591797], [9, 0.01798725128173828], [3, 0.050759077072143555]], "total": 0.31192827224731445}, "androiddebugbridge": {"each": [[12, 2.6702880859375e-05], [12, 0.0014452934265136719], [11, 0.00031757354736328125], [12, 0.0004069805145263672], [0, 0.0005311965942382812], [7, 0.0001971721649169922], [3, 2.1696090698242188e-05], [4, 0.0007863044738769531], [15, 0.0007848739624023438], [15, 0.0010979175567626953]], "total": 0.005615711212158203}, "barley": {"each": [[5, 8.58306884765625e-05], [6, 6.651878356933594e-05], [11, 2.956390380859375e-05], [14, 0.0002646446228027344], [0, 4.982948303222656e-05], [11, 4.5299530029296875e-05], [3, 1.3113021850585938e-05], [1, 0.013858795166015625], [9, 7.081031799316406e-05], [10, 6.4849853515625e-05]], "total": 0.01454925537109375}, "beta": {"each": [[9, 0.003062725067138672], [15, 0.001748800277709961], [11, 0.0007152557373046875], [2, 0.00020647048950195312], [0, 0.0010907649993896484], [7, 5.459785461425781e-05], [3, 0.0011088848114013672], [2, 0.0007233619689941406], [9, 0.0007390975952148438], [15, 0.0018820762634277344]], "total": 0.011332035064697266}, "billiardsrack": {"each": [[0, 0.3016817569732666], [0, 0.06928157806396484], [11, 0.004868507385253906], [2, 0.00044655799865722656], [0, 1.5497207641601562e-05], [7, 0.00010395050048828125], [3, 1.239776611328125e-05], [1, 0.007290840148925781], [8, 0.010585784912109375], [0, 0.0717313289642334]], "total": 0.4660181999206543}, "biohazard": {"each": [[0, 0.51230788230896], [0, 0.21809101104736328], [11, 0.031481027603149414], [12, 0.002240896224975586], [0, 0.11789894104003906], [7, 0.00021266937255859375], [3, 0.10273957252502441], [1, 0.03857088088989258], [10, 0.047156572341918945], [0, 0.22569012641906738]], "total": 1.2963895797729492}, "carsports": {"each": [[0, 1.632849931716919], [1, 0.631744384765625], [11, 0.0962214469909668], [2, 0.0014040470123291016], [0, 0.10308074951171875], [7, 0.00025844573974609375], [3, 0.015727758407592773], [2, 0.12922239303588867], [9, 0.10539031028747559], [3, 1.0574524402618408]], "total": 3.7733519077301025}, "cat": {"each": [[5, 3.4332847595214844], [6, 2.880037546157837], [11, 0.7569131851196289], [12, 0.04001951217651367], [0, 0.6548724174499512], [7, 0.003856182098388672], [3, 0.279085636138916], [1, 0.3179173469543457], [9, 0.7935278415679932], [15, 3.938406467437744]], "total": 13.097920894622803}, "dogside": {"each": [[15, 3.218650817871094e-05], [10, 0.00012493133544921875], [11, 0.000171661376953125], [14, 0.0002601146697998047], [2, 0.00014162063598632812], [7, 0.0002853870391845703], [13, 0.00013256072998046875], [7, 0.00018596649169921875], [9, 0.00020432472229003906], [4, 0.0001323223114013672]], "total": 0.0016710758209228516}, "duck": {"each": [[0, 1.790090560913086], [0, 0.7918248176574707], [11, 0.046952247619628906], [2, 0.00027441978454589844], [0, 0.09894466400146484], [7, 3.457069396972656e-05], [3, 0.01737046241760254], [1, 0.03835892677307129], [8, 0.022400379180908203], [0, 0.5775010585784912]], "total": 3.3837521076202393}, "emoticonangry": {"each": [[0, 3.528594970703125e-05], [0, 55.72054481506348], [0, 0.014718055725097656], [2, 0.0006692409515380859], [0, 0.36345410346984863], [7, 9.131431579589844e-05], [3, 3.266334533691406e-05], [1, 0.10831308364868164], [8, 0.11942839622497559], [0, 46.54152011871338]], "total": 102.86880707740784}, "emoticondevil": {"each": [[0, 1.1205673217773438e-05], [12, 7.152557373046875e-06], [15, 0.0004324913024902344], [2, 0.0001246929168701172], [0, 0.0011527538299560547], [7, 9.131431579589844e-05], [3, 0.0006906986236572266], [1, 0.0005202293395996094], [8, 0.0005571842193603516], [12, 1.2159347534179688e-05]], "total": 0.003599882125854492}, "emoticonpoop": {"each": [[12, 3.886222839355469e-05], [0, 0.00023698806762695312], [11, 0.00014662742614746094], [12, 0.00010633468627929688], [0, 0.00019693374633789062], [7, 6.651878356933594e-05], [3, 0.00022411346435546875], [1, 0.00018095970153808594], [10, 0.0001881122589111328], [0, 0.000240325927734375]], "total": 0.0016257762908935547}, "flash": {"each": [[10, 2.0503997802734375e-05], [13, 0.5471940040588379], [15, 0.12539935111999512], [12, 0.00041222572326660156], [12, 0.11226749420166016], [11, 7.987022399902344e-05], [12, 0.0863184928894043], [2, 0.03199172019958496], [14, 0.05179286003112793], [0, 0.4544692039489746]], "total": 1.4099457263946533}, "hammer": {"each": [[0, 1.6701607704162598], [1, 0.40244483947753906], [12, 0.09907174110412598], [2, 0.00079345703125], [0, 5.245208740234375e-05], [7, 0.0001163482666015625], [4, 2.8371810913085938e-05], [1, 0.06261253356933594], [9, 0.08660578727722168], [0, 0.4077754020690918]], "total": 2.729661703109741}, "kabadi": {"each": [[5, 18.835148334503174], [6, 1.8125290870666504], [11, 0.15057063102722168], [12, 0.0010998249053955078], [0, 0.2914431095123291], [11, 0.0001533031463623047], [3, 0.0686798095703125], [2, 0.12807130813598633], [10, 0.2174680233001709], [12, 1.9168615341186523]], "total": 23.422024965286255}, "key": {"each": [[5, 6.628036499023438e-05], [1, 8.702278137207031e-05], [11, 5.745887756347656e-05], [12, 0.0013325214385986328], [0, 0.00010824203491210938], [7, 0.0001270771026611328], [3, 4.00543212890625e-05], [1, 0.11143803596496582], [8, 0.09490346908569336], [3, 4.553794860839844e-05]], "total": 0.2082056999206543}, "panda": {"each": [[5, 1.9073486328125e-05], [15, 0.25231218338012695], [11, 0.00027441978454589844], [14, 0.0007531642913818359], [0, 0.00047206878662109375], [11, 0.0002665519714355469], [3, 3.7670135498046875e-05], [14, 0.031249523162841797], [15, 0.027281999588012695], [12, 0.267425537109375]], "total": 0.580092191696167}, "pound": {"each": [[5, 3.7670135498046875e-05], [10, 3.0517578125e-05], [15, 2.6941299438476562e-05], [12, 0.00011134147644042969], [0, 2.1457672119140625e-05], [11, 0.0002028942108154297], [4, 1.5497207641601562e-05], [7, 0.00018262863159179688], [15, 2.384185791015625e-05], [10, 2.6464462280273438e-05]], "total": 0.0006792545318603516}, "skull": {"each": [[0, 0.0011913776397705078], [0, 0.0009210109710693359], [11, 2.2172927856445312e-05], [12, 0.0003826618194580078], [0, 0.0008182525634765625], [7, 0.00019502639770507812], [3, 6.9141387939453125e-06], [1, 0.0006902217864990234], [12, 0.0006425380706787109], [0, 0.0008633136749267578]], "total": 0.005733489990234375},